{
  "timestamp": "2025-08-27 01:28:19",
  "device": "cpu",
  "pytorch_version": "2.8.0+cu128",
  "speedups": {
    "state_encoding": 1.275765544025901,
    "agent_creation": 0.9789024581985583,
    "cfr_traversal": 386.77779270410815,
    "advantage_training": 0
  },
  "detailed_results": {
    "original": {
      "state_encoding": {
        "mean_time": 2.537199998187134e-05,
        "std_time": 5.9978187434593005e-06,
        "times": [
          3.1897000098979333e-05,
          2.4119999807226122e-05,
          2.0099000039408565e-05
        ]
      },
      "agent_creation": {
        "mean_time": 0.003021124333372427,
        "std_time": 0.0008858184170600279,
        "times": [
          0.0025211140000465093,
          0.004043894999995246,
          0.002498364000075526
        ]
      },
      "cfr_traversal": {
        "mean_time": 0.0065307429999090045,
        "std_time": 0.0019983966606393834,
        "times": [
          0.007682961000000432,
          0.007686073999821019,
          0.004223193999905561
        ]
      }
    },
    "optimized": {
      "state_encoding": {
        "mean_time": 1.9887666743064376e-05,
        "std_time": 4.154575424311522e-06,
        "times": [
          2.4441000050501316e-05,
          1.89190000128292e-05,
          1.6303000165862613e-05
        ]
      },
      "agent_creation": {
        "mean_time": 0.0030862363334260103,
        "std_time": 0.0009264474511087571,
        "times": [
          0.0024377020001793426,
          0.004147291999970548,
          0.0026737150001281407
        ]
      },
      "cfr_traversal": {
        "mean_time": 1.6884999922694988e-05,
        "std_time": 4.234807435612629e-06,
        "times": [
          2.0349000124042504e-05,
          1.8141999817089527e-05,
          1.2163999826952931e-05
        ]
      }
    }
  }
}